{
    "components": [
        {
            "cachedName": "LWJGL 3",
            "cachedVersion": "3.1.6",
            "cachedVolatile": true,
            "dependencyOnly": true,
            "uid": "org.lwjgl3",
            "version": "3.1.6"
        },
        {
            "cachedName": "Minecraft",
            "cachedRequires": [
                {
                    "equals": "3.1.6",
                    "suggests": "3.1.6",
                    "uid": "org.lwjgl3"
                }
            ],
            "cachedVersion": "1.13.2",
            "important": true,
            "uid": "net.minecraft",
            "version": "1.13.2"
        },
        {
            "cachedName": "org.dimdev.rift",
            "uid": "org.dimdev.rift"
        }
    ],
    "formatVersion": 1
}
